<?xml version="1.0" encoding="utf-8"?>
<extension version="3.6" type="plugin" group="system" method="upgrade">
    <name>MEPRO User Activation</name>
    <creationDate>10-Jun-2017</creationDate>
    <author>MEPRO SOFTWARE SOLUTIONS</author>
    <authorEmail>info@mepro.co</authorEmail>
    <authorUrl>http://www.mepro.co</authorUrl>
    <copyright>WWW.MEPRO.CO - All rights reserved.</copyright>
    <license>GNU/GPLv3 http://www.gnu.org/licenses/gpl-3.0.html</license>
    <version>1.0.0</version>
	<description>MEPRO User Activation</description>    
    <files>
        <filename plugin="usractivation">usractivation.php</filename>
        <filename>index.html</filename>
        <folder>language</folder>
    </files>
    <languages folder="language">
        <language tag="en-GB">en-GB.plg_system_usractivation.ini</language>
        <language tag="en-GB">en-GB.plg_system_usractivation.sys.ini</language>
    </languages>   
	<config>
		<fields name="params">
		</fields>
	</config>    
    <updateservers>
        <server type="plugin" priority="1" name="MEPRO User Activation">https://www.mepro.co/updates/muacore.xml</server>
    </updateservers>           
</extension>